{"test_dataset": "cuhk03_np_detected", "rank1": 0.1657142857142857, "mAP": 0.1701209946802058, "test_time": 696.2247769832611}
